<?xml version="1.0"?>
<doc>
    <assembly>
        <name>BugReporter</name>
    </assembly>
    <members>
        <member name="F:BugReporter.BugReportForm.components">
            <summary>
            Required designer variable.
            </summary>
        </member>
        <member name="M:BugReporter.BugReportForm.Dispose(System.Boolean)">
            <summary>
            Clean up any resources being used.
            </summary>
            <param name="disposing">true if managed resources should be disposed; otherwise, false.</param>
        </member>
        <member name="M:BugReporter.BugReportForm.InitializeComponent">
            <summary>
            Required method for Designer support - do not modify
            the contents of this method with the code editor.
            </summary>
        </member>
        <member name="F:BugReporter.ExceptionDetails.components">
            <summary> 
            Required designer variable.
            </summary>
        </member>
        <member name="M:BugReporter.ExceptionDetails.Dispose(System.Boolean)">
            <summary> 
            Clean up any resources being used.
            </summary>
            <param name="disposing">true if managed resources should be disposed; otherwise, false.</param>
        </member>
        <member name="M:BugReporter.ExceptionDetails.InitializeComponent">
            <summary> 
            Required method for Designer support - do not modify 
            the contents of this method with the code editor.
            </summary>
        </member>
        <member name="F:BugReporter.ExceptionDetailView.components">
            <summary>
            Required designer variable.
            </summary>
        </member>
        <member name="M:BugReporter.ExceptionDetailView.Dispose(System.Boolean)">
            <summary>
            Clean up any resources being used.
            </summary>
            <param name="disposing">true if managed resources should be disposed; otherwise, false.</param>
        </member>
        <member name="M:BugReporter.ExceptionDetailView.InitializeComponent">
            <summary>
            Required method for Designer support - do not modify
            the contents of this method with the code editor.
            </summary>
        </member>
        <member name="M:BugReporter.GitHubUrlBuilder.Build(System.String,BugReporter.Serialization.SerializableException,System.String,System.String)">
            <summary>
            Generates a URL to create a new issue on GitHub.
            </summary>
            <see href="https://help.github.com/en/articles/about-automation-for-issues-and-pull-requests-with-query-parameters"/>
        </member>
        <member name="M:BugReporter.Info.GeneralInfo.#ctor">
            <summary>
            Initializes a new instance of the <see cref="T:BugReporter.Info.GeneralInfo"/> class. This is the default constructor provided for XML
            serialization and de-serialization.
            </summary>
        </member>
        <member name="P:BugReporter.Info.GeneralInfo.HostApplicationVersion">
            <summary>
            Gets or sets AssemblyFileVersion of host assembly.
            </summary>
        </member>
        <member name="M:BugReporter.Info.Report.#ctor">
            <summary>
            Initializes a new instance of the <see cref="T:BugReporter.Info.Report"/> class to be filled with information later on.
            </summary>
        </member>
        <member name="P:BugReporter.Info.Report.GeneralInfo">
            <summary>
            Gets or sets the general information about the exception and the system to be presented in the bug report.
            </summary>
        </member>
        <member name="M:BugReporter.Program.Main">
            <summary>
             The main entry point for the application.
            </summary>
        </member>
        <member name="T:BugReporter.Properties.Resources">
            <summary>
              A strongly-typed resource class, for looking up localized strings, etc.
            </summary>
        </member>
        <member name="P:BugReporter.Properties.Resources.ResourceManager">
            <summary>
              Returns the cached ResourceManager instance used by this class.
            </summary>
        </member>
        <member name="P:BugReporter.Properties.Resources.Culture">
            <summary>
              Overrides the current thread's CurrentUICulture property for all
              resource lookups using this strongly typed resource class.
            </summary>
        </member>
        <member name="P:BugReporter.Properties.Resources.bug">
            <summary>
              Looks up a localized resource of type System.Drawing.Bitmap.
            </summary>
        </member>
        <member name="P:BugReporter.Properties.Resources.CopyToClipboard">
            <summary>
              Looks up a localized resource of type System.Drawing.Bitmap.
            </summary>
        </member>
        <member name="P:BugReporter.Properties.Resources.GitExtensionsLogoIcon">
            <summary>
              Looks up a localized resource of type System.Drawing.Icon similar to (Icon).
            </summary>
        </member>
        <member name="P:BugReporter.Properties.Resources.GitHub">
            <summary>
              Looks up a localized resource of type System.Drawing.Bitmap.
            </summary>
        </member>
        <member name="M:BugReporter.Serialization.SerializableDictionary`2.#ctor">
            <summary>
            Initializes a new instance of the <see cref="T:BugReporter.Serialization.SerializableDictionary`2"/> class.
            This is the default constructor provided for XML serializer.
            </summary>
        </member>
        <member name="M:BugReporter.Serialization.SerializableException.#ctor">
            <summary>
            Initializes a new instance of the <see cref="T:BugReporter.Serialization.SerializableException"/> class.
            Default constructor provided for XML serialization and de-serialization.
            </summary>
        </member>
        <member name="T:ThisAssembly">
            <summary>Provides access to the current assembly information.</summary>
        </member>
        <member name="T:ThisAssembly.Git">
            <summary>Provides access to the git information for the current assembly.</summary>
        </member>
        <member name="F:ThisAssembly.Git.IsDirty">
            <summary>IsDirty: false</summary>
        </member>
        <member name="F:ThisAssembly.Git.IsDirtyString">
            <summary>IsDirtyString: false</summary>
        </member>
        <member name="F:ThisAssembly.Git.Branch">
            <summary>Branch: release/3.5</summary>
        </member>
        <member name="F:ThisAssembly.Git.Commit">
            <summary>Commit: 65f01f399</summary>
        </member>
        <member name="F:ThisAssembly.Git.Sha">
            <summary>Sha: 65f01f39982ccb121c4df7d4b00b506939553958</summary>
        </member>
        <member name="F:ThisAssembly.Git.Commits">
            <summary>Commits on top of base version: 8</summary>
        </member>
        <member name="F:ThisAssembly.Git.Tag">
            <summary>Tag: v3.5.3-8-g65f01f399</summary>
        </member>
        <member name="F:ThisAssembly.Git.BaseTag">
            <summary>Base tag: v3.5.3</summary>
        </member>
        <member name="T:ThisAssembly.Git.BaseVersion">
            <summary>Provides access to the base version information used to determine the <see cref="T:ThisAssembly.Git.SemVer" />.</summary>      
        </member>
        <member name="F:ThisAssembly.Git.BaseVersion.Major">
            <summary>Major: 3</summary>
        </member>
        <member name="F:ThisAssembly.Git.BaseVersion.Minor">
            <summary>Minor: 5</summary>
        </member>
        <member name="F:ThisAssembly.Git.BaseVersion.Patch">
            <summary>Patch: 3</summary>
        </member>
        <member name="T:ThisAssembly.Git.SemVer">
            <summary>Provides access to SemVer information for the current assembly.</summary>
        </member>
        <member name="F:ThisAssembly.Git.SemVer.Major">
            <summary>Major: 3</summary>
        </member>
        <member name="F:ThisAssembly.Git.SemVer.Minor">
            <summary>Minor: 5</summary>
        </member>
        <member name="F:ThisAssembly.Git.SemVer.Patch">
            <summary>Patch: 11</summary>
        </member>
        <member name="F:ThisAssembly.Git.SemVer.Label">
            <summary>Label: </summary>
        </member>
        <member name="F:ThisAssembly.Git.SemVer.DashLabel">
            <summary>Label with dash prefix: </summary>
        </member>
        <member name="F:ThisAssembly.Git.SemVer.Source">
            <summary>Source: Tag</summary>
        </member>
    </members>
</doc>
