<?xml version="1.0"?>
<doc>
    <assembly>
        <name>GitExtensions</name>
    </assembly>
    <members>
        <member name="M:GitExtensions.Program.Main">
            <summary>
            The main entry point for the application.
            </summary>
        </member>
        <member name="M:GitExtensions.Program.HandleConfigurationException(System.Configuration.ConfigurationException)">
            <summary>
            Used in the rare event that the configuration file for the application is corrupted
            </summary>
        </member>
        <member name="T:ThisAssembly">
            <summary>Provides access to the current assembly information.</summary>
        </member>
        <member name="T:ThisAssembly.Git">
            <summary>Provides access to the git information for the current assembly.</summary>
        </member>
        <member name="F:ThisAssembly.Git.IsDirty">
            <summary>IsDirty: false</summary>
        </member>
        <member name="F:ThisAssembly.Git.IsDirtyString">
            <summary>IsDirtyString: false</summary>
        </member>
        <member name="F:ThisAssembly.Git.Branch">
            <summary>Branch: release/3.5</summary>
        </member>
        <member name="F:ThisAssembly.Git.Commit">
            <summary>Commit: 65f01f399</summary>
        </member>
        <member name="F:ThisAssembly.Git.Sha">
            <summary>Sha: 65f01f39982ccb121c4df7d4b00b506939553958</summary>
        </member>
        <member name="F:ThisAssembly.Git.Commits">
            <summary>Commits on top of base version: 8</summary>
        </member>
        <member name="F:ThisAssembly.Git.Tag">
            <summary>Tag: v3.5.3-8-g65f01f399</summary>
        </member>
        <member name="F:ThisAssembly.Git.BaseTag">
            <summary>Base tag: v3.5.3</summary>
        </member>
        <member name="T:ThisAssembly.Git.BaseVersion">
            <summary>Provides access to the base version information used to determine the <see cref="T:ThisAssembly.Git.SemVer" />.</summary>      
        </member>
        <member name="F:ThisAssembly.Git.BaseVersion.Major">
            <summary>Major: 3</summary>
        </member>
        <member name="F:ThisAssembly.Git.BaseVersion.Minor">
            <summary>Minor: 5</summary>
        </member>
        <member name="F:ThisAssembly.Git.BaseVersion.Patch">
            <summary>Patch: 3</summary>
        </member>
        <member name="T:ThisAssembly.Git.SemVer">
            <summary>Provides access to SemVer information for the current assembly.</summary>
        </member>
        <member name="F:ThisAssembly.Git.SemVer.Major">
            <summary>Major: 3</summary>
        </member>
        <member name="F:ThisAssembly.Git.SemVer.Minor">
            <summary>Minor: 5</summary>
        </member>
        <member name="F:ThisAssembly.Git.SemVer.Patch">
            <summary>Patch: 11</summary>
        </member>
        <member name="F:ThisAssembly.Git.SemVer.Label">
            <summary>Label: </summary>
        </member>
        <member name="F:ThisAssembly.Git.SemVer.DashLabel">
            <summary>Label with dash prefix: </summary>
        </member>
        <member name="F:ThisAssembly.Git.SemVer.Source">
            <summary>Source: Tag</summary>
        </member>
    </members>
</doc>
